Salutation,First Name,Last Name,Email,Phone,Role,Grade,Graduating Year,Parent Of,Notes
Rabbi,Moshe,Goldstein,rabbi.goldstein@school.edu,212-555-0101,faculty,,,,"Head of Judaic Studies; teaches Talmud and Halacha"
Mrs.,Sarah,Levine,sarah.levine@gmail.com,917-555-0201,parent,,,,Daniel Levine,
Mr.,David,Levine,david.levine@gmail.com,917-555-0202,parent,,,,Daniel Levine,
,Daniel,Levine,daniel.l@student.edu,,student,8,,,
Dr.,Rachel,Cohen,rachel.cohen@hospital.com,646-555-0301,parent,,,,Rivka Cohen,Pediatrician at NYU Langone
Mr.,Ari,Cohen,ari.cohen@ventures.com,646-555-0302,parent,,,,Rivka Cohen,
,Rivka,Cohen,,,student,11,,,,
Mrs.,Miriam,Shapiro,miriam.shapiro@nyced.org,718-555-0401,alumni,,2015,,"Now teaching at a day school in Baltimore; very active alumni"
Mr.,Jonathan,Weiss,jweiss@weissfnd.org,212-555-0501,donor,,,,,"Annual giving; interested in naming opportunity for new library wing"
Rebbetzin,Chana,Katz,chana.katz@yeshiva.edu,347-555-0601,faculty,,,,"Navi and Chumash; beloved by students and parents"
Mr.,Shlomo,Berkowitz,shlomo@berklaw.com,212-555-0701,board,,,,,"Partner at Berkowitz & Associates; joined board last year"
Ms.,Tova,Friedman,tova.f@gmail.com,917-555-0801,prospect,,,,"Met at community gala; considering enrollment for daughter in Grade 3"
Cantor,Yosef,Rosenblum,cantor@bnaishalom.org,718-555-0901,staff,,,,"Leads High Holiday davening; part-time role shared with Bnai Shalom"
Mrs.,Esther,Blum,esther.blum@gmail.com,646-555-1001,grandparent,,,,"Grandmother of twins Noam and Tamar Blum currently in Grade 5"
Mr.,Abraham,Stern,astern@sterntech.io,917-555-1101,alumni,,2018,,"Tech entrepreneur; reconnected at 5-year reunion; potential major donor"
